Patient Support,upper
Concierge Patient Payments,middle
Concierge Advance,lower
Concierge Per Diem,lower
Concierge Stipend,lower
Concierge Patient Reimbursements,middle
Concierge Accommodations Reimbursement,lower
Concierge Airfare Reimbursement,lower
Concierge Baggage Fee Reimbursement,lower
Concierge Long Term Housing Reimbursement,lower
Concierge Meal Reimbursement,lower
Concierge Medical Expense Reimbursement,lower
Concierge Mileage Reimbursement,lower
Concierge Miscellaneous Reimbursement,lower
Concierge Parking & Tolls Reimbursement,lower
Concierge Rail/Train/Bus Reimbursement,lower
Concierge Rental Car & Gas Reimbursement,lower
Concierge Taxi & Rideshare Reimbursement,lower
Concierge Wage Reimbursement,lower
Concierge Travel Services,middle
Concierge Air,lower
Concierge Car Service,lower
Concierge Local Taxi,lower
Concierge Rail,lower
Concierge Rental Car,lower
Concierge Bus,lower
Concierge Ferry,lower
Concierge Hotel,lower
Concierge Rideshare,lower
Concierge WAV Car Service,lower
Special Services,middle
WAV Rental Car,lower
Air Ambulance,lower
Private Charter,lower
Emergency Medical Support,lower
Non-Emergency Vehicle Support,lower
Home Health,lower
Long Term Housing,lower
Passport Services,lower
Non-emergency Medical Support,lower
Medical Insurance,lower
Moving Services,lower
Relocation Services,lower
Transfer of Medical Personnel,lower
Traveling with Controlled Substances,lower
Shipping Services,lower
Specialty Services,lower
Translation Services,lower
Travel Insurance,lower
Specimen Shipment,lower
Visa/Immigration Services,lower
Amazon Purchasing,lower
Medical Equipment Rental,lower
Other Specialty Service,lower
Premium Patient Payments,middle
Premium Advance,lower
Premium Per Diem,lower
Premium Stipend,lower
Premium Patient Reimbursements,lower
Premium Accommodations Reimbursement,lower
Premium Airfare Reimbursement,lower
Premium Baggage Fee Reimbursement,lower
Premium Long Term Housing Reimbursement,lower
Premium Meal Reimbursement,lower
Premium Medical Expense Reimbursement,lower
Premium Mileage Reimbursement,lower
Premium Miscellaneous Reimbursement,lower
Premium Parking & Tolls Reimbursement,lower
Premium Rail/Train/Bus Reimbursement,lower
Premium Rental Car & Gas Reimbursement,lower
Premium Taxi & Rideshare Reimbursement,lower
Premium Wage Reimbursement,lower
Premium Travel Services,middle
Premium Air,lower
Premium Car Service,lower
Premium Local Taxi,lower
Premium Rail,lower
Premium Rental Car,lower
Premium Bus,lower
Premium Ferry,lower
Premium Hotel,lower
Premium Rideshare,lower
Premium WAV Car Service,lower
Standard Patient Payments,middle
Standard Advance,lower
Standard Per Diem,lower
Standard Stipend,lower
Standard Patient Reimbursements,lower
Standard Accommodations Reimbursement,lower
Standard Airfare Reimbursement,lower
Standard Baggage Fee Reimbursement,lower
Standard Long Term Housing Reimbursement,lower
Standard Meal Reimbursement,lower
Standard Medical Expense Reimbursement,lower
Standard Mileage Reimbursement,lower
Standard Miscellaneous Reimbursement,lower
Standard Parking & Tolls Reimbursement,lower
Standard Rail/Train/Bus Reimbursement,lower
Standard Rental Car & Gas Reimbursement,lower
Standard Taxi & Rideshare Reimbursement,lower
Standard Wage Reimbursement,lower
Standard Travel Services,middle
Standard Air,lower
Standard Car Service,lower
Standard Local Taxi,lower
Standard Rail,lower
Standard Rental Car,lower
Standard Bus,lower
Standard Ferry,lower
Standard Hotel,lower
Standard Rideshare,lower
Standard WAV Car Service,lower
Payment Methods,middle
Prepaid Cards,lower
Local Bank Transfer,lower
SWIFT Bank Transfer,lower
Mobile Wallet,lower
Push to Card,lower
Participant Travel Management,middle
Itinerary Views,lower
Rideshare Views,lower
Financial Information Views,lower
Receipt Submission,lower
Mobile Engagement,middle
Surveys,lower
Insights,lower
Medication Management,lower
Help Desk,lower
Financial Management,upper
Site Payments,middle
Budget Development,middle
Analytics & Insights,upper
Registry Services,middle
Registry Surveys,lower
Registry Trackers,lower
Registry Test Results,lower
Consulting,middle
Data Services,middle
Data Collection,lower
Data Reporting,lower
Payment Rules Engine,lower